"","pathway","pval","padj","ES","NES","nMoreExtreme","size"
"1","KEGG_HUNTINGTONS_DISEASE",0.00166620383226881,0.024576506525965,0.443566011930164,1.73838812724734,5,75
"2","KEGG_OXIDATIVE_PHOSPHORYLATION",0.000263782643102084,0.00539996339007871,0.587978072367905,2.11627999134929,0,50
"3","KEGG_PARKINSONS_DISEASE",0.00026267402153927,0.00539996339007871,0.558792611074531,1.996308365922,0,48
"4","KEGG_RIBOSOME",0.000274574409665019,0.00539996339007871,0.563271471918142,2.17493039912546,0,70
