gene_id,sampleA,sampleB,baseMeanA,baseMeanB,baseMean,log2FoldChange,lfcSE,stat,pvalue,padj
DUSP10,S,C,440.50473,46.8938107,243.69927,3.22997172,0.19553378,16.5187404,2.69E-61,8.06E-58
ANKRD10,S,C,291.238128,86.4590164,188.848572,1.75169398,0.1809325,9.68147791,3.61E-22,2.71E-19
SOX2,S,C,125.749591,20.4055297,73.0775601,2.62163226,0.27377524,9.575856,1.01E-21,6.98E-19
HPS1,S,C,275.782408,95.1119535,185.447181,1.53582237,0.17792445,8.63187912,6.04E-18,2.85E-15
CITED1,S,C,250.342666,86.8543398,168.598503,1.52512302,0.1886328,8.08514224,6.21E-16,2.43E-13
GLUL,S,C,370.411059,168.310792,269.360925,1.13709429,0.15611515,7.2836894,3.25E-13,1.17E-10
GM2A,S,C,345.639081,155.505119,250.5721,1.15083226,0.16545684,6.95548333,3.51E-12,1.02E-09
IQCC,S,C,378.107301,179.947526,279.027414,1.0696031,0.16045615,6.66601491,2.63E-11,7.38E-09
BCL10,S,C,126.385635,61.6826681,94.0341516,1.03243055,0.23152972,4.45917077,8.23E-06,0.00093588